deal_name,issuer,sponsor,issue_year,issue_month,tranche_class,peril_type,trigger_type,coverage_basis,tranche_size_m,expected_loss_pct,spread_pct,spread_basis,source_url,validation_status,notes,regression_ready,spread_to_el_multiple,spread_to_el_multiple_calc,broad_peril,issue_year_cat
Alamo Re Ltd. (Series 2014-1),Alamo Re Ltd.,Texas Windstorm Insurance Association (TWIA),2014,Jun,Class A,Texas named storms,Indemnity,Annual aggregate,400.0,2.84,6.35,Final spread,https://www.artemis.bm/deal-directory/alamo-re-ltd-series-2014-1/,Checked against Artemis page/text,Artemis page gives EL 2.84%; final coupon/spread 6.35%.,Yes,2.2359154929577465,2.2359154929577465,Wind/Storm,2014
Citrus Re Ltd. (Series 2014-1),Citrus Re Ltd.,Heritage Property and Casualty Insurance Co.,2014,Apr,Class A,U.S. named storms (Florida initially),Indemnity,Per-occurrence,150.0,1.28,4.25,Final spread,https://www.artemis.bm/deal-directory/citrus-re-ltd-series-2014-1/,Checked against Artemis page/text,Artemis page gives EL 1.28%; final coupon 4.25%.,Yes,3.3203125,3.3203125,Wind/Storm,2014
Tradewynd Re Ltd. (Series 2014-1),Tradewynd Re Ltd.,AIG,2014,Dec,Class 1-B,"Named storm and earthquake: U.S., Canada, Mexico, Caribbean, Gulf of Mexico, D.C.",Indemnity,Per-occurrence,100.0,2.2,6.75,Final spread,https://www.artemis.bm/deal-directory/tradewynd-re-ltd-series-2014-1/,Checked against Artemis page/text,Final pricing stated by Artemis.,Yes,3.068181818181818,3.068181818181818,Multi-peril,2014
Tradewynd Re Ltd. (Series 2014-1),Tradewynd Re Ltd.,AIG,2014,Dec,Class 3-A,"Named storm and earthquake: U.S., Canada, Mexico, Caribbean, Gulf of Mexico, D.C.",Indemnity,Per-occurrence,100.0,1.14,5.0,Final spread,https://www.artemis.bm/deal-directory/tradewynd-re-ltd-series-2014-1/,Checked against Artemis page/text,Final pricing stated by Artemis.,Yes,4.385964912280702,4.385964912280702,Multi-peril,2014
Tradewynd Re Ltd. (Series 2014-1),Tradewynd Re Ltd.,AIG,2014,Dec,Class 3-B,"Named storm and earthquake: U.S., Canada, Mexico, Caribbean, Gulf of Mexico, D.C.",Indemnity,Per-occurrence,300.0,2.2,7.0,Final spread,https://www.artemis.bm/deal-directory/tradewynd-re-ltd-series-2014-1/,Checked against Artemis page/text,Final pricing stated by Artemis.,Yes,3.1818181818181817,3.1818181818181817,Multi-peril,2014
Ursa Re Ltd. (Series 2014-1),Ursa Re Ltd.,California Earthquake Authority,2014,Dec,Class A,California earthquake,Indemnity,Annual aggregate,200.0,1.2,3.5,Final spread,https://www.artemis.bm/deal-directory/ursa-re-ltd-series-2014-1/,Checked against Artemis page/text,Artemis page gives EL 1.20%; final price 3.50%.,Yes,2.916666666666667,2.916666666666667,Earthquake,2014
Ursa Re Ltd. (Series 2014-1),Ursa Re Ltd.,California Earthquake Authority,2014,Dec,Class B,California earthquake,Indemnity,Annual aggregate,200.0,2.62,5.0,Final spread,https://www.artemis.bm/deal-directory/ursa-re-ltd-series-2014-1/,Checked against Artemis page/text,Artemis page/search extract gives EL 2.62%; Class B priced at 5.00%.,Yes,1.9083969465648853,1.9083969465648853,Earthquake,2014
Bosphorus Ltd. (Series 2015-1),Bosphorus Ltd.,Turkish Catastrophe Insurance Pool,2015,Aug,Class A,Turkey earthquake,Parametric,Per-occurrence,100.0,1.5,3.75,Guidance midpoint,https://www.artemis.bm/deal-directory/bosphorus-ltd-series-2015-1/,Checked against Artemis page/text,Midpoint of Artemis price guidance 3.5%-4.0%.,Yes,2.5,2.5,Earthquake,2015
Everglades Re II Ltd. (Series 2015-1),Everglades Re II Ltd.,Citizens Property Insurance,2015,May,Class A,Florida named storms,Indemnity,Annual aggregate,300.0,1.31,5.15,Final spread,https://www.artemis.bm/deal-directory/everglades-re-ii-ltd-series-2015-1/,Checked against Artemis page/text,Base-case expected loss used; sensitivity EL also disclosed by Artemis.,Yes,3.931297709923664,3.931297709923664,Wind/Storm,2015
Nakama Re Ltd. (Series 2015-1),Nakama Re Ltd.,Zenkyoren,2015,Mar,Class 1,Japan earthquake,Indemnity,Per-occurrence,,1.16,2.875,Latest stated pricing,https://www.artemis.bm/deal-directory/nakama-re-ltd-series-2015-1/,Checked against Artemis page/text,Artemis search extract states likely pricing/coupon 2.875% and EL 1.16%.,Yes,2.478448275862069,2.478448275862069,Earthquake,2015
Nakama Re Ltd. (Series 2015-1),Nakama Re Ltd.,Zenkyoren,2015,Mar,Class 2,Japan earthquake,Indemnity,Aggregate,,0.86,3.25,Latest stated pricing,https://www.artemis.bm/deal-directory/nakama-re-ltd-series-2015-1/,Checked against Artemis page/text,Artemis search extract states possible pricing/coupon 3.25% and EL 0.86%.,Yes,3.7790697674418605,3.7790697674418605,Earthquake,2015
Akibare Re Ltd. (Series 2016-1),Akibare Re Ltd.,MS&AD Insurance Group,2016,Mar,Class A,"Japan typhoon, flood, earthquake fire",Indemnity,Per-occurrence,200.0,1.19,2.5,Final spread,https://www.artemis.bm/deal-directory/akibare-re-ltd-series-2016-1/,Checked against Artemis page/text,Artemis search extract states EL 1.19% and coupon 2.5%.,Yes,2.100840336134454,2.100840336134454,Wind/Storm,2016
Bonanza Re Ltd. (Series 2016-1),Bonanza Re Ltd.,American Strategic Insurance Group,2016,Dec,Class A,U.S. named storms and severe thunderstorms,Indemnity,Per-occurrence,150.0,1.52,3.75,Final spread,https://www.artemis.bm/deal-directory/bonanza-re-ltd-series-2016-1/,Checked against Artemis page/text,Final pricing stated by Artemis.,Yes,2.4671052631578947,2.4671052631578947,Wind/Storm,2016
Bonanza Re Ltd. (Series 2016-1),Bonanza Re Ltd.,American Strategic Insurance Group,2016,Dec,Class B,U.S. named storms,Indemnity,Per-occurrence,50.0,2.19,5.0,Final spread,https://www.artemis.bm/deal-directory/bonanza-re-ltd-series-2016-1/,Checked against Artemis page/text,Final pricing stated by Artemis.,Yes,2.2831050228310503,2.2831050228310503,Wind/Storm,2016
Caelus Re IV Ltd. (Series 2016-1),Caelus Re IV Ltd.,Nationwide Mutual Insurance Co.,2016,May,Class A,U.S. multi-peril,Indemnity,Annual aggregate,,1.58,5.5,Final spread,https://www.artemis.bm/deal-directory/caelus-re-iv-ltd-series-2016-1/,Checked against Artemis page/text,Artemis search extract states price guidance settled at 5.5% and base-case EL 1.58%.,Yes,3.481012658227848,3.481012658227848,Multi-peril,2016
Galilei Re Ltd. (Series 2016-1),Galilei Re Ltd.,XL Bermuda Ltd.,2016,Dec,Class A-1,"U.S. named storm, U.S. earthquake, European windstorm, Australian tropical cyclone and earthquake",Industry loss index,Annual aggregate,62.5,8.65,12.875,Guidance midpoint,https://www.artemis.bm/deal-directory/galilei-re-ltd-series-2016-1/,Checked against Artemis page/text,Midpoint of Artemis price guidance 12.5%-13.25%.,Yes,1.4884393063583814,1.4884393063583814,Wind/Storm,2016
Galilei Re Ltd. (Series 2016-1),Galilei Re Ltd.,XL Bermuda Ltd.,2016,Dec,Class B-1,"U.S. named storm, U.S. earthquake, European windstorm, Australian tropical cyclone and earthquake",Industry loss index,Annual aggregate,62.5,4.55,8.125,Guidance midpoint,https://www.artemis.bm/deal-directory/galilei-re-ltd-series-2016-1/,Checked against Artemis page/text,Midpoint of Artemis price guidance 7.75%-8.5%.,Yes,1.7857142857142858,1.7857142857142858,Wind/Storm,2016
Galilei Re Ltd. (Series 2016-1),Galilei Re Ltd.,XL Bermuda Ltd.,2016,Dec,Class C-1,"U.S. named storm, U.S. earthquake, European windstorm, Australian tropical cyclone and earthquake",Industry loss index,Annual aggregate,125.0,2.75,6.125,Guidance midpoint,https://www.artemis.bm/deal-directory/galilei-re-ltd-series-2016-1/,Checked against Artemis page/text,Midpoint of Artemis price guidance 5.75%-6.5%.,Yes,2.227272727272727,2.227272727272727,Wind/Storm,2016
Galilei Re Ltd. (Series 2016-1),Galilei Re Ltd.,XL Bermuda Ltd.,2016,Dec,Class D-1,"U.S. named storm, U.S. earthquake, European windstorm, Australian tropical cyclone and earthquake",Industry loss index,Annual aggregate,125.0,1.86,4.875,Guidance midpoint,https://www.artemis.bm/deal-directory/galilei-re-ltd-series-2016-1/,Checked against Artemis page/text,Midpoint of Artemis price guidance 4.5%-5.25%.,Yes,2.6209677419354835,2.6209677419354835,Wind/Storm,2016
Galilei Re Ltd. (Series 2016-1),Galilei Re Ltd.,XL Bermuda Ltd.,2016,Dec,Class E-1,"U.S. named storm, U.S. earthquake, European windstorm, Australian tropical cyclone and earthquake",Industry loss index,Annual aggregate,125.0,1.29,4.125,Guidance midpoint,https://www.artemis.bm/deal-directory/galilei-re-ltd-series-2016-1/,Checked against Artemis page/text,Midpoint of Artemis price guidance 3.75%-4.5%.,Yes,3.197674418604651,3.197674418604651,Wind/Storm,2016
Buffalo Re Ltd. (Series 2017-1),Buffalo Re Ltd.,ICAT Syndicate 4242,2017,Mar,Class A,"U.S. named storm, U.S. earthquake",Indemnity,Per-occurrence,105.0,1.18,3.25,Final spread,https://www.artemis.bm/deal-directory/buffalo-re-ltd-series-2017-1/,Checked against Artemis page/text,Final pricing stated by Artemis.,Yes,2.7542372881355934,2.7542372881355934,Wind/Storm,2017
Buffalo Re Ltd. (Series 2017-1),Buffalo Re Ltd.,ICAT Syndicate 4242,2017,Mar,Class B,"U.S. named storm, U.S. earthquake",Indemnity,Per-occurrence,59.5,4.09,6.75,Final spread,https://www.artemis.bm/deal-directory/buffalo-re-ltd-series-2017-1/,Checked against Artemis page/text,Final pricing stated by Artemis.,Yes,1.6503667481662592,1.6503667481662592,Wind/Storm,2017
Galilei Re Ltd. (Series 2017-1),Galilei Re Ltd.,XL Bermuda Ltd.,2017,Jan,Class A-2,"U.S. named storm, U.S. earthquake, European windstorm, Australian tropical cyclone and earthquake",Industry loss index,Annual aggregate,50.0,8.65,13.25,Final spread,https://www.artemis.bm/deal-directory/galilei-re-ltd-series-2017-1/,Checked against Artemis page/text,Final pricing fixed at upper end stated by Artemis.,Yes,1.5317919075144508,1.5317919075144508,Wind/Storm,2017
Galilei Re Ltd. (Series 2017-1),Galilei Re Ltd.,XL Bermuda Ltd.,2017,Jan,Class B-2,"U.S. named storm, U.S. earthquake, European windstorm, Australian tropical cyclone and earthquake",Industry loss index,Annual aggregate,50.0,4.55,8.0,Final spread,https://www.artemis.bm/deal-directory/galilei-re-ltd-series-2017-1/,Checked against Artemis page/text,Final pricing stated by Artemis.,Yes,1.7582417582417582,1.7582417582417582,Wind/Storm,2017
Galilei Re Ltd. (Series 2017-1),Galilei Re Ltd.,XL Bermuda Ltd.,2017,Jan,Class C-2,"U.S. named storm, U.S. earthquake, European windstorm, Australian tropical cyclone and earthquake",Industry loss index,Annual aggregate,150.0,2.75,6.25,Final spread,https://www.artemis.bm/deal-directory/galilei-re-ltd-series-2017-1/,Checked against Artemis page/text,Final pricing stated by Artemis.,Yes,2.272727272727273,2.272727272727273,Wind/Storm,2017
Galilei Re Ltd. (Series 2017-1),Galilei Re Ltd.,XL Bermuda Ltd.,2017,Jan,Class D-2,"U.S. named storm, U.S. earthquake, European windstorm, Australian tropical cyclone and earthquake",Industry loss index,Annual aggregate,150.0,1.86,5.25,Final spread,https://www.artemis.bm/deal-directory/galilei-re-ltd-series-2017-1/,Checked against Artemis page/text,Final pricing at top end stated by Artemis.,Yes,2.82258064516129,2.82258064516129,Wind/Storm,2017
Galilei Re Ltd. (Series 2017-1),Galilei Re Ltd.,XL Bermuda Ltd.,2017,Jan,Class E-2,"U.S. named storm, U.S. earthquake, European windstorm, Australian tropical cyclone and earthquake",Industry loss index,Annual aggregate,125.0,1.29,4.5,Final spread,https://www.artemis.bm/deal-directory/galilei-re-ltd-series-2017-1/,Checked against Artemis page/text,Final pricing at upper end stated by Artemis.,Yes,3.488372093023256,3.488372093023256,Wind/Storm,2017
Galileo Re Ltd. (Series 2017-1),Galileo Re Ltd.,XL Bermuda Ltd.,2017,Nov,Class A,"U.S. named storm/earthquake/severe thunderstorm, Canada earthquake, European windstorm, Australia cyclone/earthquake",Industry loss index,Annual aggregate,75.0,3.37,7.5,Final/fixed guidance,https://www.artemis.bm/deal-directory/galileo-re-ltd-series-2017-1/,Checked against Artemis page/text,Pricing fixed at low end of guidance stated by Artemis.,Yes,2.2255192878338277,2.2255192878338277,Wind/Storm,2017
Galileo Re Ltd. (Series 2017-1),Galileo Re Ltd.,XL Bermuda Ltd.,2017,Nov,Class B,"U.S. named storm/earthquake/severe thunderstorm, Canada earthquake, European windstorm, Australia cyclone/earthquake",Industry loss index,Annual aggregate,75.0,9.72,17.5,Final/fixed guidance,https://www.artemis.bm/deal-directory/galileo-re-ltd-series-2017-1/,Checked against Artemis page/text,Pricing moved to top of guidance stated by Artemis.,Yes,1.8004115226337447,1.8004115226337447,Wind/Storm,2017
Hexagon Reinsurance DAC (Series 2017-1),Hexagon Reinsurance DAC,Covea Group,2017,Dec,Class A,European windstorm,Indemnity,Annual aggregate,53.0,6.75,8.0,Final spread,https://www.artemis.bm/deal-directory/hexagon-reinsurance-dac-series-2017-1/,Checked against Artemis page/text,EUR 45m approximately USD 53m; final pricing stated by Artemis.,Yes,1.1851851851851851,1.1851851851851851,Wind/Storm,2017
Hexagon Reinsurance DAC (Series 2017-1),Hexagon Reinsurance DAC,Covea Group,2017,Dec,Class B,European windstorm,Indemnity,Annual aggregate,53.0,5.52,6.5,Final spread,https://www.artemis.bm/deal-directory/hexagon-reinsurance-dac-series-2017-1/,Checked against Artemis page/text,EUR 45m approximately USD 53m; final pricing stated by Artemis.,Yes,1.177536231884058,1.177536231884058,Wind/Storm,2017
Riverfront Re Ltd. (Series 2017-1),Riverfront Re Ltd.,Great American Insurance Group,2017,May,Class A,"U.S./Canada named storm, earthquake, severe thunderstorm, winter storm, wildfire, other perils",Indemnity,Mixed occurrence/aggregate,142.5,1.08,4.5,Final spread,https://www.artemis.bm/deal-directory/riverfront-re-ltd-series-2017-1/,Checked against Artemis page/text,Final pricing stated by Artemis.,Yes,4.166666666666666,4.166666666666666,Wind/Storm,2017
Riverfront Re Ltd. (Series 2017-1),Riverfront Re Ltd.,Great American Insurance Group,2017,May,Class B,"U.S./Canada named storm, earthquake, severe thunderstorm, winter storm, wildfire, other perils",Indemnity,Mixed occurrence/aggregate,47.5,2.63,6.25,Final spread,https://www.artemis.bm/deal-directory/riverfront-re-ltd-series-2017-1/,Checked against Artemis page/text,Final pricing stated by Artemis.,Yes,2.376425855513308,2.376425855513308,Wind/Storm,2017
Sanders Re Ltd. (Series 2017-1),Sanders Re Ltd.,Allstate,2017,Mar,Class A,"U.S. named storm, U.S. earthquake, severe thunderstorm, volcanic eruption, meteorite impact",Indemnity,Per-occurrence,375.0,0.86,3.0,Final spread,https://www.artemis.bm/deal-directory/sanders-re-ltd-series-2017-1/,Checked against Artemis page/text,Final pricing stated by Artemis.,Yes,3.488372093023256,3.488372093023256,Wind/Storm,2017
Tailwind Re Ltd. (Series 2017-1),Tailwind Re Ltd.,Validus Holdings,2017,Dec,Class A,"U.S., Canada, Puerto Rico, U.S. Virgin Islands named storms and earthquakes",Industry loss index,Annual aggregate,150.0,3.41,7.5,Reduced guidance midpoint,https://www.artemis.bm/deal-directory/tailwind-re-ltd-series-2017-1/,Checked against Artemis page/text,Midpoint of reduced Artemis guidance 7.25%-7.75%.,Yes,2.19941348973607,2.19941348973607,Wind/Storm,2017
Tailwind Re Ltd. (Series 2017-1),Tailwind Re Ltd.,Validus Holdings,2017,Dec,Class B,"U.S., Canada, Puerto Rico, U.S. Virgin Islands named storms and earthquakes",Industry loss index,Annual aggregate,150.0,4.43,9.25,Reduced guidance midpoint,https://www.artemis.bm/deal-directory/tailwind-re-ltd-series-2017-1/,Checked against Artemis page/text,Midpoint of reduced Artemis guidance 9%-9.5%.,Yes,2.08803611738149,2.08803611738149,Wind/Storm,2017
Tailwind Re Ltd. (Series 2017-1),Tailwind Re Ltd.,Validus Holdings,2017,Dec,Class C,"U.S., Canada, Puerto Rico, U.S. Virgin Islands named storms and earthquakes",Industry loss index,Annual aggregate,100.0,5.64,11.25,Reduced guidance midpoint,https://www.artemis.bm/deal-directory/tailwind-re-ltd-series-2017-1/,Checked against Artemis page/text,Midpoint of reduced Artemis guidance 11%-11.5%.,Yes,1.9946808510638299,1.9946808510638299,Wind/Storm,2017
Ursa Re Ltd. (Series 2017-1),Ursa Re Ltd.,California Earthquake Authority,2017,May,Class B,California earthquake,Indemnity,Annual aggregate,425.0,1.11,3.5,Fixed guidance,https://www.artemis.bm/deal-directory/ursa-re-ltd-series-2017-1/,Checked against Artemis page/text,Price guidance fixed at upper end stated by Artemis.,Yes,3.153153153153153,3.153153153153153,Earthquake,2017
Ursa Re Ltd. (Series 2017-1),Ursa Re Ltd.,California Earthquake Authority,2017,May,Class E,California earthquake,Indemnity,Annual aggregate,500.0,3.33,6.0,Fixed guidance,https://www.artemis.bm/deal-directory/ursa-re-ltd-series-2017-1/,Checked against Artemis page/text,Top-end pricing assumed from Artemis update on upper-end pricing for both tranches.,Yes,1.8018018018018018,1.8018018018018018,Earthquake,2017
Akibare Re Ltd. (Series 2018-1),Akibare Re Ltd.,Mitsui Sumitomo / Aioi Nissay Dowa,2018,Mar,Class A,"Japan typhoon, flood, earthquake fire",Indemnity,Per-occurrence,220.0,0.73,1.9,Final spread,https://www.artemis.bm/deal-directory/akibare-re-ltd-series-2018-1/,Checked against Artemis page/text,Final pricing stated by Artemis.,Yes,2.602739726027397,2.602739726027397,Wind/Storm,2018
Akibare Re Ltd. (Series 2018-1),Akibare Re Ltd.,Mitsui Sumitomo / Aioi Nissay Dowa,2018,Mar,Class B,Japan typhoon and flood,Indemnity,Per-occurrence,100.0,0.99,1.9,Final spread,https://www.artemis.bm/deal-directory/akibare-re-ltd-series-2018-1/,Checked against Artemis page/text,Final pricing stated by Artemis.,Yes,1.9191919191919191,1.9191919191919191,Wind/Storm,2018
Caelus Re V Ltd. (Series 2018-1),Caelus Re V Ltd.,Nationwide Mutual Insurance Co.,2018,May,Class A,U.S. multi-peril,Indemnity,Annual aggregate,125.0,0.63,3.5,Final spread,https://www.artemis.bm/deal-directory/caelus-re-v-ltd-series-2018-1/,Checked against Artemis page/text,Final pricing stated by Artemis.,Yes,5.555555555555555,5.555555555555555,Multi-peril,2018
Caelus Re V Ltd. (Series 2018-1),Caelus Re V Ltd.,Nationwide Mutual Insurance Co.,2018,May,Class B,U.S. multi-peril,Indemnity,Annual aggregate,75.0,1.48,4.5,Final spread,https://www.artemis.bm/deal-directory/caelus-re-v-ltd-series-2018-1/,Checked against Artemis page/text,Final pricing stated by Artemis.,Yes,3.040540540540541,3.040540540540541,Multi-peril,2018
Caelus Re V Ltd. (Series 2018-1),Caelus Re V Ltd.,Nationwide Mutual Insurance Co.,2018,May,Class C,U.S. multi-peril,Indemnity,Annual aggregate,175.0,2.94,7.5,Final spread,https://www.artemis.bm/deal-directory/caelus-re-v-ltd-series-2018-1/,Checked against Artemis page/text,Final pricing stated by Artemis.,Yes,2.5510204081632653,2.5510204081632653,Multi-peril,2018
Caelus Re V Ltd. (Series 2018-1),Caelus Re V Ltd.,Nationwide Mutual Insurance Co.,2018,May,Class D,U.S. multi-peril,Indemnity,Annual aggregate,75.0,4.8,10.5,Final spread,https://www.artemis.bm/deal-directory/caelus-re-v-ltd-series-2018-1/,Checked against Artemis page/text,Final pricing stated by Artemis.,Yes,2.1875,2.1875,Multi-peril,2018
Kizuna Re II Ltd. (Series 2018-1),Kizuna Re II Ltd.,Tokio Marine & Nichido Fire Insurance Co. Ltd.,2018,Mar,Class A,Japan earthquake,Indemnity,Aggregate,150.0,0.12,1.875,Final spread,https://www.artemis.bm/deal-directory/kizuna-re-ii-ltd-series-2018-1/,Checked against Artemis page/text,Annualised EL used; Artemis also gives 3-year EL 0.35%.,Yes,15.625,15.625,Earthquake,2018
Kizuna Re II Ltd. (Series 2018-1),Kizuna Re II Ltd.,Tokio Marine & Nichido Fire Insurance Co. Ltd.,2018,Mar,Class B,Japan earthquake,Indemnity,Aggregate,50.0,0.99,2.5,Final spread,https://www.artemis.bm/deal-directory/kizuna-re-ii-ltd-series-2018-1/,Checked against Artemis page/text,Annualised EL used; Artemis also gives 3-year EL 2.98%.,Yes,2.525252525252525,2.525252525252525,Earthquake,2018
Long Point Re III Ltd. (Series 2018-1),Long Point Re III Ltd.,Travelers,2018,May,Class A,"U.S. tropical cyclone, earthquake, severe thunderstorm, winter storm",Indemnity,Per-occurrence,500.0,1.214,2.875,Reduced guidance midpoint,https://www.artemis.bm/deal-directory/long-point-re-iii-ltd-series-2018-1/,Checked against Artemis page/text,Midpoint of reduced Artemis guidance 2.75%-3.0%.,Yes,2.368204283360791,2.368204283360791,Wind/Storm,2018
Alamo Re Ltd. (Series 2019-1),Alamo Re Ltd.,Texas Windstorm Insurance Association (TWIA),2019,May,Class A,Texas named storms and severe thunderstorms,Indemnity,Annual aggregate,200.0,1.8,4.5,Final spread,https://www.artemis.bm/deal-directory/alamo-re-ltd-series-2019-1/,Checked against Artemis page/text,Final pricing at midpoint stated by Artemis.,Yes,2.5,2.5,Wind/Storm,2019
FloodSmart Re Ltd. (Series 2019-1),FloodSmart Re Ltd.,FEMA / NFIP via Hannover Re,2019,Apr,Class A,U.S. flood risk from named storms,Indemnity,Per-occurrence,250.0,4.15,11.25,Final spread,https://www.artemis.bm/deal-directory/floodsmart-re-ltd-series-2019-1/,Checked against Artemis page/text,Final pricing stated by Artemis.,Yes,2.710843373493976,2.710843373493976,Wind/Storm,2019
FloodSmart Re Ltd. (Series 2019-1),FloodSmart Re Ltd.,FEMA / NFIP via Hannover Re,2019,Apr,Class B,U.S. flood risk from named storms,Indemnity,Per-occurrence,50.0,6.01,14.5,Final spread,https://www.artemis.bm/deal-directory/floodsmart-re-ltd-series-2019-1/,Checked against Artemis page/text,Final pricing stated by Artemis.,Yes,2.4126455906821964,2.4126455906821964,Wind/Storm,2019
Alamo Re II Pte. Ltd. (Series 2020-1),Alamo Re II Pte. Ltd.,Texas Windstorm Insurance Association (TWIA),2020,Jun,Class A,Texas named storms and severe thunderstorms,Indemnity,Annual aggregate,400.0,1.78,5.75,Final spread,https://www.artemis.bm/deal-directory/alamo-re-ii-pte-ltd-series-2020-1/,Checked against Artemis page/text,Final pricing stated by Artemis.,Yes,3.230337078651685,3.230337078651685,Wind/Storm,2020
FloodSmart Re Ltd. (Series 2020-1),FloodSmart Re Ltd.,FEMA / NFIP via Hannover Re,2020,Feb,Class A,U.S. flood risk from named storms,Indemnity,Per-occurrence,300.0,3.91,11.0,Final spread,https://www.artemis.bm/deal-directory/floodsmart-re-ltd-series-2020-1/,Checked against Artemis page/text,Final pricing stated by Artemis.,Yes,2.813299232736573,2.813299232736573,Wind/Storm,2020
FloodSmart Re Ltd. (Series 2020-1),FloodSmart Re Ltd.,FEMA / NFIP via Hannover Re,2020,Feb,Class B,U.S. flood risk from named storms,Indemnity,Per-occurrence,100.0,5.68,14.5,Final spread,https://www.artemis.bm/deal-directory/floodsmart-re-ltd-series-2020-1/,Checked against Artemis page/text,Final pricing stated by Artemis.,Yes,2.552816901408451,2.552816901408451,Wind/Storm,2020
Hypatia Ltd. (Series 2020-1),Hypatia Ltd.,Convex Re,2020,Jul,Class A,"U.S. named storm, U.S. & Canada earthquake",Industry loss index,Annual aggregate,150.0,1.71,6.75,Final spread,https://www.artemis.bm/deal-directory/hypatia-ltd-series-2020-1/,Checked against Artemis page/text,Final pricing stated by Artemis.,Yes,3.947368421052632,3.947368421052632,Wind/Storm,2020
Hypatia Ltd. (Series 2020-1),Hypatia Ltd.,Convex Re,2020,Jul,Class B,"U.S. named storm, U.S. & Canada earthquake",Industry loss index,Annual aggregate,150.0,3.06,9.75,Final spread,https://www.artemis.bm/deal-directory/hypatia-ltd-series-2020-1/,Checked against Artemis page/text,Final pricing stated by Artemis.,Yes,3.1862745098039214,3.1862745098039214,Wind/Storm,2020
Stratosphere Re Ltd. (Series 2020-1),Stratosphere Re Ltd.,Markel Bermuda / State National tail risk,2020,Jan,Class A,"U.S. named storm, earthquake, winter storm, severe thunderstorm",Indemnity,Annual aggregate,100.0,0.115,2.75,Final spread,https://www.artemis.bm/deal-directory/stratosphere-re-ltd-series-2020-1/,Checked against Artemis page/text,Final pricing stated by Artemis.,Yes,23.913043478260867,23.913043478260867,Wind/Storm,2020
FloodSmart Re Ltd. (Series 2021-1),FloodSmart Re Ltd.,FEMA / NFIP via Hannover Re,2021,Feb,Class A,U.S. flood,Indemnity,Occurrence,,5.47,13.0,Final spread from Artemis comparison text,https://www.artemis.bm/deal-directory/floodsmart-re-ltd-series-2023-1/,Checked against Artemis page/search extract,,Yes,2.376599634369287,2.376599634369287,Flood,2021
Residential Reinsurance 2021 Limited (Series 2021-1),Residential Reinsurance 2021 Limited,USAA,2021,May,Class 11,U.S. multi-peril,Indemnity,Occurrence,,4.32,9.25,Final spread,https://www.artemis.bm/deal-directory/residential-reinsurance-2021-limited-series-2021-1/,Checked against Artemis page/search extract,,Yes,2.1412037037037037,2.1412037037037037,Multi-peril,2021
Black Kite Re Limited (Series 2022-1),Black Kite Re Limited,Peak Reinsurance Company,2022,Jun,Class A,Asia-Pacific catastrophe risks,Parametric/Index,Occurrence,150.0,3.22,5.5,Initial guidance midpoint,https://www.artemis.bm/deal-directory/black-kite-re-limited-series-2022-1/,Checked against Artemis page/search extract,,Yes,1.7080745341614907,1.7080745341614907,Other,2022
FloodSmart Re Ltd. (Series 2022-1),FloodSmart Re Ltd.,FEMA / NFIP via Hannover Re,2022,Feb,Class B,U.S. flood,Indemnity,Occurrence,,5.48,13.75,Final spread from Artemis comparison text,https://www.artemis.bm/deal-directory/floodsmart-re-ltd-series-2023-1/,Checked against Artemis page/search extract,,Yes,2.509124087591241,2.509124087591241,Flood,2022
Northshore Re II Ltd. (Series 2022-1),Northshore Re II Ltd.,AXIS Capital,2022,Jul,Class A,Peak peril catastrophe retro,Industry loss index,Annual aggregate,140.0,2.02,8.0,Final coupon/spread,https://www.artemis.bm/deal-directory/northshore-re-ii-ltd-series-2022-1/,Checked against Artemis page/search extract,,Yes,3.9603960396039604,3.9603960396039604,Other,2022
Yosemite Re Ltd. (Series 2022-1),Yosemite Re Ltd.,Unknown/Artemis source,2022,,Class A,U.S. property catastrophe risks,Indemnity,Occurrence,75.0,1.16,9.25,Initial guidance midpoint,https://www.artemis.bm/deal-directory/yosemite-re-ltd-series-2022-1/,Checked against Artemis page/search extract,,Yes,7.974137931034483,7.974137931034483,Other,2022
Acorn Re Ltd. (Series 2023-1),Acorn Re Ltd.,Hannover Rück SE / Oak Tree Assurance,2023,Oct,Class A,U.S. earthquake,Parametric,Occurrence,100.0,0.91,4.35,Final spread,https://www.artemis.bm/deal-directory/acorn-re-ltd-series-2023-1/,Checked against Artemis page/search extract,,Yes,4.780219780219779,4.780219780219779,Earthquake,2023
FloodSmart Re Ltd. (Series 2023-1),FloodSmart Re Ltd.,FEMA / NFIP via Hannover Re,2023,Mar,Class A,U.S. flood,Indemnity,Occurrence,,5.35,16.25,Latest guidance / low end,https://www.artemis.bm/deal-directory/floodsmart-re-ltd-series-2023-1/,Checked against Artemis page/search extract,,Yes,3.0373831775700935,3.0373831775700935,Flood,2023
Four Lakes Re Ltd. (Series 2023-1),Four Lakes Re Ltd.,American Family Mutual Insurance Co.,2023,Dec,Class B,"U.S. named storm, earthquake, severe thunderstorm, winter storm, wildfire",Indemnity,Occurrence,50.0,2.44,9.5,Final/updated pricing,https://www.artemis.bm/deal-directory/four-lakes-re-ltd-series-2023-1/,Checked against Artemis page/search extract,,Yes,3.8934426229508197,3.8934426229508197,Wind/Storm,2023
Mona Lisa Re Ltd. (Series 2023-1),Mona Lisa Re Ltd.,Renaissance Re and DaVinci Re,2023,Apr,Class A,U.S./Canada/Caribbean named storm and earthquake,Industry loss index,Annual aggregate,85.0,2.25,12.25,Final coupon/spread,https://www.artemis.bm/deal-directory/mona-lisa-re-ltd-series-2023-1/,Checked against Artemis page/search extract,,Yes,5.444444444444445,5.444444444444445,Multi-peril,2023
Mona Lisa Re Ltd. (Series 2023-1),Mona Lisa Re Ltd.,Renaissance Re and DaVinci Re,2023,Apr,Class B,U.S./Canada/Caribbean named storm and earthquake,Industry loss index,Per-occurrence,100.0,3.2,12.5,Final coupon/spread,https://www.artemis.bm/deal-directory/mona-lisa-re-ltd-series-2023-1/,Checked against Artemis page/search extract,,Yes,3.90625,3.90625,Multi-peril,2023
Residential Reinsurance 2023 Limited (Series 2023-1),Residential Reinsurance 2023 Limited,USAA,2023,May,Class 13,U.S. multi-peril,Indemnity,Occurrence,,2.11,10.5,Final spread,https://www.artemis.bm/deal-directory/residential-reinsurance-2023-limited-series-2023-1/,Checked against Artemis page/search extract,,Yes,4.976303317535545,4.976303317535545,Multi-peril,2023
Residential Reinsurance 2023 Limited (Series 2023-1),Residential Reinsurance 2023 Limited,USAA,2023,May,Class 14,U.S. multi-peril,Indemnity,Occurrence,,0.75,6.5,Final spread,https://www.artemis.bm/deal-directory/residential-reinsurance-2023-limited-series-2023-1/,Checked against Artemis page/search extract,,Yes,8.666666666666666,8.666666666666666,Multi-peril,2023
Titania Re Ltd. (Series 2023-1),Titania Re Ltd.,Syndicate 1910 (Ariel Re),2023,Jul,Class A,"U.S./Canada named storm and earthquake, wildfire",Indemnity,Occurrence,,2.59,12.5,Latest guidance midpoint,https://www.artemis.bm/deal-directory/titania-re-ltd-series-2023-1/,Checked against Artemis page/search extract,,Yes,4.826254826254827,4.826254826254827,Multi-peril,2023
Titania Re Ltd. (Series 2023-1),Titania Re Ltd.,Syndicate 1910 (Ariel Re),2023,Jul,Class B,"U.S./Canada named storm and earthquake, wildfire",Indemnity,Occurrence,,3.82,13.0,Latest guidance midpoint,https://www.artemis.bm/deal-directory/titania-re-ltd-series-2023-1/,Checked against Artemis page/search extract,,Yes,3.4031413612565444,3.4031413612565444,Multi-peril,2023
Bayou Re Ltd. (Series 2024-1),Bayou Re Ltd.,Louisiana Citizens Property Insurance Corporation,2024,May,Class A,Louisiana named storm,Indemnity,Occurrence,,1.14,8.5,Final spread (comparison text in 2025 Artemis page),https://www.artemis.bm/deal-directory/bayou-re-ltd-series-2025-1/,Checked against Artemis page/search extract,,Yes,7.4561403508771935,7.4561403508771935,Wind/Storm,2024
Bonanza Re Ltd. (Series 2024-1),Bonanza Re Ltd.,Progressive,2024,Dec,Class A,"US named storm, earthquake fire-following, severe thunderstorm, winter storm, wildfire",Indemnity,Annual aggregate,70.0,4.09,20.0,Final spread / rough spread equivalent for zero-coupon A,https://www.artemis.bm/deal-directory/bonanza-re-ltd-series-2024-1/,Checked against Artemis page/search extract,,Yes,4.88997555012225,4.88997555012225,Wind/Storm,2024
Bonanza Re Ltd. (Series 2024-1),Bonanza Re Ltd.,Progressive,2024,Dec,Class B,"US named storm, earthquake fire-following, severe thunderstorm, winter storm, wildfire",Indemnity,Per-occurrence,75.0,0.76,3.75,Final spread / rough spread equivalent for zero-coupon A,https://www.artemis.bm/deal-directory/bonanza-re-ltd-series-2024-1/,Checked against Artemis page/search extract,,Yes,4.934210526315789,4.934210526315789,Wind/Storm,2024
Bonanza Re Ltd. (Series 2024-1),Bonanza Re Ltd.,Progressive,2024,Dec,Class C,"US named storm, earthquake fire-following, severe thunderstorm, winter storm, wildfire",Indemnity,Per-occurrence,200.0,1.82,5.5,Final spread / rough spread equivalent for zero-coupon A,https://www.artemis.bm/deal-directory/bonanza-re-ltd-series-2024-1/,Checked against Artemis page/search extract,,Yes,3.021978021978022,3.021978021978022,Wind/Storm,2024
Logistics Re Ltd. (Series 2024-1),Logistics Re Ltd.,Prologis,2024,Feb,Class A,US earthquake,Parametric,Occurrence,,2.6,7.0,Initial guidance midpoint,https://www.artemis.bm/deal-directory/logistics-re-ltd-series-2024-1/,Checked against Artemis page/search extract,,Yes,2.692307692307692,2.692307692307692,Earthquake,2024
Sabine Re Ltd. (Series 2024-1),Sabine Re Ltd.,Allied Trust Insurance Company,2024,Mar,Class A,Texas/NC/SC/Louisiana named storm,Indemnity,Occurrence,100.0,1.48,8.25,Final spread,https://www.artemis.bm/deal-directory/sabine-re-ltd-series-2024-1/,Checked against Artemis page/search extract,,Yes,5.574324324324325,5.574324324324325,Wind/Storm,2024
Veraison Re Ltd. (Series 2024-1),Veraison Re Ltd.,GeoVera Insurance,2024,Mar,Class A,US earthquake,Indemnity,Occurrence,100.0,1.0,5.25,Initial guidance midpoint,https://www.artemis.bm/deal-directory/veraison-re-ltd-series-2024-1/,Checked against Artemis page/search extract,,Yes,5.25,5.25,Earthquake,2024
3264 Re Ltd. (Series 2025-2),3264 Re Ltd.,Hannover Re,2025,May,Class A,"US named storm, US and Canada earthquake",Industry loss index,Occurrence,150.0,3.68,7.5,Updated guidance / low end,https://www.artemis.bm/deal-directory/3264-re-ltd-series-2025-2/,Checked against Artemis page/search extract,,Yes,2.0380434782608696,2.0380434782608696,Wind/Storm,2025
Atlas Capital DAC (Series 2025-1),Atlas Capital DAC,SCOR,2025,May,Class A,"U.S./Caribbean named storm, U.S./Canada earthquake, European windstorm",Industry loss index,Occurrence,240.0,3.29,7.25,Final spread,https://www.artemis.bm/deal-directory/atlas-capital-dac-series-2025-1/,Checked against Artemis page/search extract,,Yes,2.2036474164133737,2.2036474164133737,Wind/Storm,2025
Baldwin Re Ltd. (Series 2025-1),Baldwin Re Ltd.,Vermont Mutual Insurance Company,2025,Jun,Class A,"US Northeast named storm, earthquake, severe weather, fire",Indemnity,Occurrence,250.0,1.1,3.75,Final spread,https://www.artemis.bm/deal-directory/baldwin-re-ltd-series-2025-1/,Checked against Artemis page/search extract,,Yes,3.4090909090909087,3.4090909090909087,Wind/Storm,2025
Bayou Re Ltd. (Series 2025-1),Bayou Re Ltd.,Louisiana Citizens Property Insurance Corporation,2025,May,Class A,Louisiana named storm,Indemnity,Occurrence,280.0,1.69,7.25,Updated guidance midpoint,https://www.artemis.bm/deal-directory/bayou-re-ltd-series-2025-1/,Checked against Artemis page/search extract,,Yes,4.289940828402367,4.289940828402367,Wind/Storm,2025
Black Kite Re Limited (Series 2025-1),Black Kite Re Limited,Peak Reinsurance Company,2025,May,Class A,China and India earthquake,Parametric,Occurrence,50.0,3.78,7.625,Initial guidance midpoint,https://www.artemis.bm/deal-directory/black-kite-re-limited-series-2025-1/,Checked against Artemis page/search extract,,Yes,2.0171957671957674,2.0171957671957674,Earthquake,2025
Bluebonnet Re Ltd. (Series 2025-2),Bluebonnet Re Ltd.,Texas FAIR Plan Association,2025,Jun,Class A,Texas named storm / property catastrophe,Indemnity,Occurrence,200.0,4.07,12.0,Final spread,https://www.artemis.bm/deal-directory/bluebonnet-re-ltd-series-2025-2/,Checked against Artemis page/search extract,,Yes,2.9484029484029484,2.9484029484029484,Wind/Storm,2025
Everglades Re II Ltd. (Series 2025-1),Everglades Re II Ltd.,Citizens Property Insurance,2025,May,Class A,Florida named storm,Indemnity,Occurrence,450.0,1.56,8.75,Final or low-end guidance; Artemis update text,https://www.artemis.bm/deal-directory/everglades-re-ii-ltd-series-2025-1/,Checked against Artemis page/search extract,,Yes,5.608974358974359,5.608974358974359,Wind/Storm,2025
Everglades Re II Ltd. (Series 2025-1),Everglades Re II Ltd.,Citizens Property Insurance,2025,May,Class B,Florida named storm,Indemnity,Occurrence,475.0,1.9,9.75,Final or low-end guidance; Artemis update text,https://www.artemis.bm/deal-directory/everglades-re-ii-ltd-series-2025-1/,Checked against Artemis page/search extract,,Yes,5.131578947368421,5.131578947368421,Wind/Storm,2025
Everglades Re II Ltd. (Series 2025-1),Everglades Re II Ltd.,Citizens Property Insurance,2025,May,Class C,Florida named storm,Indemnity,Occurrence,350.0,2.32,11.25,Final or low-end guidance; Artemis update text,https://www.artemis.bm/deal-directory/everglades-re-ii-ltd-series-2025-1/,Checked against Artemis page/search extract,,Yes,4.849137931034483,4.849137931034483,Wind/Storm,2025
Everglades Re II Ltd. (Series 2025-1),Everglades Re II Ltd.,Citizens Property Insurance,2025,May,Class D,Florida named storm,Indemnity,Occurrence,200.0,2.8,12.5,Final or low-end guidance; Artemis update text,https://www.artemis.bm/deal-directory/everglades-re-ii-ltd-series-2025-1/,Checked against Artemis page/search extract,,Yes,4.464285714285714,4.464285714285714,Wind/Storm,2025
Hexagon IV Re Ltd. (Series 2025-1),Hexagon IV Re Ltd.,Covéa Group,2025,Nov,Class A,"France, Monaco, Andorra windstorm/hail/other events",Indemnity,Occurrence,,2.97,5.75,Initial guidance midpoint,https://www.artemis.bm/deal-directory/hexagon-iv-re-ltd-series-2025-1/,Checked against Artemis page/search extract,,Yes,1.936026936026936,1.936026936026936,Wind/Storm,2025
Hexagon IV Re Ltd. (Series 2025-1),Hexagon IV Re Ltd.,Covéa Group,2025,Nov,Class B,"France, Monaco, Andorra windstorm/hail/other events",Indemnity,Occurrence,,1.16,6.75,Initial guidance midpoint,https://www.artemis.bm/deal-directory/hexagon-iv-re-ltd-series-2025-1/,Checked against Artemis page/search extract,,Yes,5.81896551724138,5.81896551724138,Wind/Storm,2025
Hypatia Ltd. (Series 2025-1),Hypatia Ltd.,Convex Re,2025,Jun,Class A,"U.S. named storm, U.S. & Canada earthquake",Industry loss index,Occurrence,150.0,4.48,8.5,Final/low-end latest guidance,https://www.artemis.bm/deal-directory/hypatia-ltd-series-2025-1/,Checked against Artemis page/search extract,,Yes,1.8973214285714284,1.8973214285714284,Wind/Storm,2025
Lion Re DAC (Series 2025-1),Lion Re DAC,Assicurazioni Generali,2025,May,Class A,European windstorm and Italy earthquake,Indemnity,Occurrence,,3.0,5.875,Initial guidance midpoint,https://www.artemis.bm/deal-directory/lion-re-dac/,Checked against Artemis page/search extract,,Yes,1.9583333333333333,1.9583333333333333,Wind/Storm,2025
Lion Re DAC (Series 2025-1),Lion Re DAC,Assicurazioni Generali,2025,May,Class B,Italy earthquake,Indemnity,Occurrence,,2.33,5.625,Initial guidance midpoint,https://www.artemis.bm/deal-directory/lion-re-dac/,Checked against Artemis page/search extract,,Yes,2.4141630901287554,2.4141630901287554,Earthquake,2025
Meadows Ltd. (Series 2025-1),Meadows Ltd.,OIS Series 2 LLC / One William Street Capital,2025,Nov,Class A,US named storm,Industry loss index,A/B occurrence; C annual aggregate,55.0,6.96,12.25,Final spread,https://www.artemis.bm/deal-directory/meadows-ltd-series-2025-1/,Checked against Artemis page/search extract,,Yes,1.7600574712643677,1.7600574712643677,Wind/Storm,2025
Meadows Ltd. (Series 2025-1),Meadows Ltd.,OIS Series 2 LLC / One William Street Capital,2025,Nov,Class B,US named storm,Industry loss index,A/B occurrence; C annual aggregate,50.0,7.77,11.5,Final spread,https://www.artemis.bm/deal-directory/meadows-ltd-series-2025-1/,Checked against Artemis page/search extract,,Yes,1.4800514800514801,1.4800514800514801,Wind/Storm,2025
Meadows Ltd. (Series 2025-1),Meadows Ltd.,OIS Series 2 LLC / One William Street Capital,2025,Nov,Class C,US named storm,Industry loss index,A/B occurrence; C annual aggregate,30.0,2.14,7.5,Final spread,https://www.artemis.bm/deal-directory/meadows-ltd-series-2025-1/,Checked against Artemis page/search extract,,Yes,3.5046728971962615,3.5046728971962615,Wind/Storm,2025
Merna Re II Ltd. (Series 2025-2),Merna Re II Ltd.,State Farm,2025,May,Series 2025-2,US windstorm/hail/tornado/hurricane/earthquake/winter storm,Indemnity,Per-occurrence,300.0,3.88,8.75,Final spread,https://www.artemis.bm/deal-directory/merna-re-ii-ltd-series-2025-2/,Checked against Artemis page/search extract,,Yes,2.2551546391752577,2.2551546391752577,Wind/Storm,2025
Montoya Re Ltd. (Series 2025-2),Montoya Re Ltd.,Inigo Insurance,2025,Dec,Class A,"U.S. named storm, U.S./Canada earthquake",Industry loss index,Annual aggregate,175.0,2.26,5.125,Initial guidance midpoint,https://www.artemis.bm/deal-directory/montoya-re-ltd-series-2025-2/,Checked against Artemis page/search extract,,Yes,2.267699115044248,2.267699115044248,Wind/Storm,2025
Montoya Re Ltd. (Series 2025-2),Montoya Re Ltd.,Inigo Insurance,2025,Dec,Class B,"U.S. named storm, U.S./Canada earthquake",Industry loss index,Annual aggregate,50.0,7.19,13.125,Initial guidance midpoint,https://www.artemis.bm/deal-directory/montoya-re-ltd-series-2025-2/,Checked against Artemis page/search extract,,Yes,1.825452016689847,1.825452016689847,Wind/Storm,2025
Montoya Re Ltd. (Series 2025-2),Montoya Re Ltd.,Inigo Insurance,2025,Dec,Class C,"U.S. named storm, U.S./Canada earthquake",Industry loss index,Second/subsequent occurrence,30.0,2.38,6.25,Initial guidance midpoint,https://www.artemis.bm/deal-directory/montoya-re-ltd-series-2025-2/,Checked against Artemis page/search extract,,Yes,2.6260504201680672,2.6260504201680672,Wind/Storm,2025
Nature Coast Re Ltd. (Series 2025-2),Nature Coast Re Ltd.,SafePoint Insurance Company,2025,Jun,Class A,U.S. named storm,Indemnity,Occurrence,150.0,1.58,9.75,Final spread,https://www.artemis.bm/deal-directory/nature-coast-re-ltd-series-2025-2/,Checked against Artemis page/search extract,,Yes,6.170886075949367,6.170886075949367,Wind/Storm,2025
Purple Re Ltd. (Series 2025-1),Purple Re Ltd.,Slide Insurance Company,2025,Feb,Class A,Florida/South Carolina/Rhode Island/New Jersey/New York named storm,Indemnity,Occurrence,125.0,1.05,7.25,Final spread,https://www.artemis.bm/deal-directory/purple-re-ltd-series-2025-1/,Checked against Artemis page/search extract,,Yes,6.904761904761904,6.904761904761904,Wind/Storm,2025
Purple Re Ltd. (Series 2025-1),Purple Re Ltd.,Slide Insurance Company,2025,Feb,Class B,Florida/South Carolina/Rhode Island/New Jersey/New York named storm,Indemnity,Occurrence,125.0,1.33,7.75,Final spread,https://www.artemis.bm/deal-directory/purple-re-ltd-series-2025-1/,Checked against Artemis page/search extract,,Yes,5.827067669172932,5.827067669172932,Wind/Storm,2025
Residential Reinsurance 2025 Limited (Series 2025-2),Residential Reinsurance 2025 Limited,USAA,2025,Nov,Class 2,U.S. multi-peril,Indemnity,Occurrence,200.0,6.47,10.25,Final spread,https://www.artemis.bm/deal-directory/residential-reinsurance-2025-limited-series-2025-2/,Checked against Artemis page/search extract,,Yes,1.5842349304482226,1.5842349304482226,Multi-peril,2025
Residential Reinsurance 2025 Limited (Series 2025-2),Residential Reinsurance 2025 Limited,USAA,2025,Nov,Class 5,U.S. multi-peril,Indemnity,Occurrence,200.0,1.82,3.25,Final spread,https://www.artemis.bm/deal-directory/residential-reinsurance-2025-limited-series-2025-2/,Checked against Artemis page/search extract,,Yes,1.7857142857142856,1.7857142857142856,Multi-peril,2025
Sakura Re Ltd. (Series 2025-1),Sakura Re Ltd.,Sompo Japan,2025,Jun,Class A,Japan typhoon and flood,Indemnity,Occurrence,150.0,1.58,2.875,Initial guidance midpoint,https://www.artemis.bm/deal-directory/sakura-re-ltd-series-2025-1/,Checked against Artemis page/search extract,,Yes,1.8196202531645569,1.8196202531645569,Wind/Storm,2025
Sanders Re II Ltd. (Series 2025-1),Sanders Re II Ltd.,Allstate,2025,May,Class A-1,"US named storm, earthquake, severe weather, wildfire, volcanic eruption, meteorite impact",Indemnity,Aggregate,,0.6221,4.0,Updated/final pricing,https://www.artemis.bm/deal-directory/sanders-re-ii-ltd-series-2025-1/,Checked against Artemis page/search extract,,Yes,6.429834431763382,6.429834431763382,Wind/Storm,2025
Sanders Re II Ltd. (Series 2025-1),Sanders Re II Ltd.,Allstate,2025,May,Class A-2,"US named storm, earthquake, severe weather, wildfire, volcanic eruption, meteorite impact",Indemnity,Aggregate,,0.6221,4.25,Updated/final pricing,https://www.artemis.bm/deal-directory/sanders-re-ii-ltd-series-2025-1/,Checked against Artemis page/search extract,,Yes,6.831699083748593,6.831699083748593,Wind/Storm,2025
Sanders Re II Ltd. (Series 2025-1),Sanders Re II Ltd.,Allstate,2025,May,Class B-2,"US named storm, earthquake, severe weather, wildfire, volcanic eruption, meteorite impact",Indemnity,Aggregate,,0.8771,4.75,Updated/final pricing,https://www.artemis.bm/deal-directory/sanders-re-ii-ltd-series-2025-1/,Checked against Artemis page/search extract,,Yes,5.41557405084939,5.41557405084939,Wind/Storm,2025
Sanders Re II Ltd. (Series 2025-2),Sanders Re II Ltd.,Allstate,2025,May,Class A,"Florida named storm, earthquake, severe weather, wildfire etc.",Indemnity,Occurrence,150.0,1.74,7.375,Initial guidance midpoint,https://www.artemis.bm/deal-directory/sanders-re-ii-ltd-series-2025-2/,Checked against Artemis page/search extract,,Yes,4.238505747126437,4.238505747126437,Wind/Storm,2025
Alamo Re Ltd. (Series 2026-1),Alamo Re Ltd.,Texas Windstorm Insurance Association,2026,May,Class A,Texas named storms and severe thunderstorms,Indemnity,Occurrence,300.0,2.79,5.25,Final spread,https://www.artemis.bm/deal-directory/alamo-re-ltd-series-2026-1/,Checked against Artemis page/search extract,,Yes,1.8817204301075268,1.8817204301075268,Wind/Storm,2026
Alamo Re Ltd. (Series 2026-1),Alamo Re Ltd.,Texas Windstorm Insurance Association,2026,May,Class B,Texas named storms and severe thunderstorms,Indemnity,Occurrence,300.0,3.63,7.25,Final spread,https://www.artemis.bm/deal-directory/alamo-re-ltd-series-2026-1/,Checked against Artemis page/search extract,,Yes,1.997245179063361,1.997245179063361,Wind/Storm,2026
Alamo Re Ltd. (Series 2026-1),Alamo Re Ltd.,Texas Windstorm Insurance Association,2026,May,Class C,Texas named storms and severe thunderstorms,Indemnity,Occurrence,150.0,5.01,10.5,Final spread,https://www.artemis.bm/deal-directory/alamo-re-ltd-series-2026-1/,Checked against Artemis page/search extract,,Yes,2.0958083832335332,2.0958083832335332,Wind/Storm,2026
Aquila Re I Ltd. (Series 2026-1),Aquila Re I Ltd.,Nationwide Mutual Insurance Co.,2026,May,Class B-1,"U.S. named storm, earthquake, severe thunderstorm, winter storm, wildfire etc.",Indemnity,Occurrence,100.0,1.24,5.125,Initial guidance midpoint,https://www.artemis.bm/deal-directory/aquila-re-i-ltd-series-2026-1/,Checked against Artemis page/search extract,,Yes,4.133064516129032,4.133064516129032,Wind/Storm,2026
Armor Re II Ltd. (Series 2026-1),Armor Re II Ltd.,American Coastal Insurance Company,2026,Apr,Class A,"Florida named storm, earthquake fire-following, severe weather, fire",Indemnity,Occurrence,100.0,0.44,5.0,Final spread,https://www.artemis.bm/deal-directory/armor-re-ii-ltd-series-2026-1/,Checked against Artemis page/search extract,,Yes,11.363636363636363,11.363636363636363,Wind/Storm,2026
Armor Re II Ltd. (Series 2026-1),Armor Re II Ltd.,American Coastal Insurance Company,2026,Apr,Class B,"Florida named storm, earthquake fire-following, severe weather, fire",Indemnity,Occurrence,100.0,4.22,15.0,Updated guidance midpoint,https://www.artemis.bm/deal-directory/armor-re-ii-ltd-series-2026-1/,Checked against Artemis page/search extract,,Yes,3.5545023696682465,3.5545023696682465,Wind/Storm,2026
Atlas Capital DAC (Series 2026-1),Atlas Capital DAC,SCOR,2026,May,Class A,"U.S./Caribbean named storm, U.S./Canada earthquakes, European windstorms",Industry loss index,Occurrence,75.0,3.13,6.25,Initial guidance midpoint,https://www.artemis.bm/deal-directory/atlas-capital-dac-series-2026-1/,Checked against Artemis page/search extract,,Yes,1.9968051118210863,1.9968051118210863,Wind/Storm,2026
Buttonwood Re Ltd. (Series 2026-1),Buttonwood Re Ltd.,Mangrove Property Insurance,2026,May,Class A,Florida named storm,Indemnity,Occurrence,25.0,1.1,5.0,Final spread,https://www.artemis.bm/deal-directory/buttonwood-re-ltd-series-2026-1/,Checked against Artemis page/search extract,,Yes,4.545454545454545,4.545454545454545,Wind/Storm,2026
Buttonwood Re Ltd. (Series 2026-1),Buttonwood Re Ltd.,Mangrove Property Insurance,2026,May,Class B,Florida named storm,Indemnity,Occurrence,25.0,1.71,6.5,Final spread,https://www.artemis.bm/deal-directory/buttonwood-re-ltd-series-2026-1/,Checked against Artemis page/search extract,,Yes,3.801169590643275,3.801169590643275,Wind/Storm,2026
Buttonwood Re Ltd. (Series 2026-1),Buttonwood Re Ltd.,Mangrove Property Insurance,2026,May,Class C,Florida named storm,Indemnity,Occurrence,25.0,2.59,8.0,Final spread,https://www.artemis.bm/deal-directory/buttonwood-re-ltd-series-2026-1/,Checked against Artemis page/search extract,,Yes,3.088803088803089,3.088803088803089,Wind/Storm,2026
Buttonwood Re Ltd. (Series 2026-1),Buttonwood Re Ltd.,Mangrove Property Insurance,2026,May,Class D,Florida named storm,Indemnity,Annual aggregate,36.0,0.13,5.5,Final spread,https://www.artemis.bm/deal-directory/buttonwood-re-ltd-series-2026-1/,Checked against Artemis page/search extract,,Yes,42.30769230769231,42.30769230769231,Wind/Storm,2026
Foundation Re IV Ltd. (Series 2026-1),Foundation Re IV Ltd.,Hartford Fire Insurance Co.,2026,Dec,Class A,"US named storm, US earthquake",Indemnity,Occurrence,270.0,1.18,4.0,Initial guidance midpoint,https://www.artemis.bm/deal-directory/foundation-re-iv-ltd-series-2026-1/,Checked against Artemis page/search extract,,Yes,3.3898305084745766,3.3898305084745766,Wind/Storm,2026
Gateway Re Ltd. (Series 2026-2),Gateway Re Ltd.,Auros Reciprocal Insurance Exchange / Interboro,2026,Mar,Class A,"U.S. named storm, earthquake, severe thunderstorm, winter storm, wildfire",Indemnity,Occurrence,75.0,1.99,6.25,Final spread,https://www.artemis.bm/deal-directory/gateway-re-ltd-series-2026-2/,Checked against Artemis page/search extract,,Yes,3.14070351758794,3.14070351758794,Wind/Storm,2026
Gateway Re Ltd. (Series 2026-2),Gateway Re Ltd.,Auros Reciprocal Insurance Exchange / Interboro,2026,Mar,Class B,"U.S. named storm, earthquake, severe thunderstorm, winter storm, wildfire",Indemnity,Occurrence,100.0,5.29,12.0,Final spread,https://www.artemis.bm/deal-directory/gateway-re-ltd-series-2026-2/,Checked against Artemis page/search extract,,Yes,2.268431001890359,2.268431001890359,Wind/Storm,2026
Kilimanjaro III Re Ltd. (Series 2026-1),Kilimanjaro III Re Ltd.,Everest Re,2026,Jun,Class A,U.S./Canada named storm and earthquake,Industry loss index,Annual aggregate,,4.35,8.25,Initial guidance midpoint,https://www.artemis.bm/deal-directory/kilimanjaro-iii-re-ltd-series-2026-1/,Checked against Artemis page/search extract,Pricing not final on captured Artemis text; midpoint of stated guidance.,Yes,1.8965517241379313,1.8965517241379313,Multi-peril,2026
Kilimanjaro III Re Ltd. (Series 2026-1),Kilimanjaro III Re Ltd.,Everest Re,2026,Jun,Class B,U.S./Canada named storm and earthquake,Industry loss index,Annual aggregate,,6.97,12.5,Initial guidance midpoint,https://www.artemis.bm/deal-directory/kilimanjaro-iii-re-ltd-series-2026-1/,Checked against Artemis page/search extract,Pricing not final on captured Artemis text; midpoint of stated guidance.,Yes,1.793400286944046,1.793400286944046,Multi-peril,2026
Kilimanjaro III Re Ltd. (Series 2026-1),Kilimanjaro III Re Ltd.,Everest Re,2026,Jun,Class C,U.S./Canada named storm and earthquake,Industry loss index,Per-occurrence,,5.53,9.25,Initial guidance midpoint,https://www.artemis.bm/deal-directory/kilimanjaro-iii-re-ltd-series-2026-1/,Checked against Artemis page/search extract,Pricing not final on captured Artemis text; midpoint of stated guidance.,Yes,1.6726943942133814,1.6726943942133814,Multi-peril,2026
Kilimanjaro III Re Ltd. (Series 2026-1),Kilimanjaro III Re Ltd.,Everest Re,2026,Jun,Class D,U.S./Canada named storm and earthquake,Industry loss index,Per-occurrence,,7.38,12.25,Initial guidance midpoint,https://www.artemis.bm/deal-directory/kilimanjaro-iii-re-ltd-series-2026-1/,Checked against Artemis page/search extract,Pricing not final on captured Artemis text; midpoint of stated guidance.,Yes,1.6598915989159893,1.6598915989159893,Multi-peril,2026
Kilimanjaro III Re Ltd. (Series 2026-2),Kilimanjaro III Re Ltd.,Everest Re,2026,Jun,Class A,U.S./Canada named storm and earthquake,Industry loss index,Annual aggregate,,4.35,8.25,Initial guidance midpoint,https://www.artemis.bm/deal-directory/kilimanjaro-iii-re-ltd-series-2026-2/,Checked against Artemis page/search extract,Pricing not final on captured Artemis text; midpoint of stated guidance.,Yes,1.8965517241379313,1.8965517241379313,Multi-peril,2026
Kilimanjaro III Re Ltd. (Series 2026-2),Kilimanjaro III Re Ltd.,Everest Re,2026,Jun,Class B,U.S./Canada named storm and earthquake,Industry loss index,Annual aggregate,,6.97,12.5,Initial guidance midpoint,https://www.artemis.bm/deal-directory/kilimanjaro-iii-re-ltd-series-2026-2/,Checked against Artemis page/search extract,Pricing not final on captured Artemis text; midpoint of stated guidance.,Yes,1.793400286944046,1.793400286944046,Multi-peril,2026
Kilimanjaro III Re Ltd. (Series 2026-2),Kilimanjaro III Re Ltd.,Everest Re,2026,Jun,Class C,U.S./Canada named storm and earthquake,Industry loss index,Per-occurrence,,5.53,9.25,Initial guidance midpoint,https://www.artemis.bm/deal-directory/kilimanjaro-iii-re-ltd-series-2026-2/,Checked against Artemis page/search extract,Pricing not final on captured Artemis text; midpoint of stated guidance.,Yes,1.6726943942133814,1.6726943942133814,Multi-peril,2026
Kilimanjaro III Re Ltd. (Series 2026-2),Kilimanjaro III Re Ltd.,Everest Re,2026,Jun,Class D,U.S./Canada named storm and earthquake,Industry loss index,Per-occurrence,,7.38,12.25,Initial guidance midpoint,https://www.artemis.bm/deal-directory/kilimanjaro-iii-re-ltd-series-2026-2/,Checked against Artemis page/search extract,Pricing not final on captured Artemis text; midpoint of stated guidance.,Yes,1.6598915989159893,1.6598915989159893,Multi-peril,2026
Locke Tavern Re Ltd. (Series 2026-1),Locke Tavern Re Ltd.,The Andover Companies,2026,Mar,Class A,"Northeast US named storm, severe thunderstorm, winter storm, earthquake",Indemnity,Occurrence,125.0,1.302,3.25,Final spread,https://www.artemis.bm/deal-directory/locke-tavern-re-ltd-series-2026-1/,Checked against Artemis page/search extract,,Yes,2.49615975422427,2.49615975422427,Wind/Storm,2026
Locke Tavern Re Ltd. (Series 2026-1),Locke Tavern Re Ltd.,The Andover Companies,2026,Mar,Class B,"Northeast US named storm, severe thunderstorm, winter storm, earthquake",Indemnity,Occurrence,125.0,1.96,4.25,Final spread,https://www.artemis.bm/deal-directory/locke-tavern-re-ltd-series-2026-1/,Checked against Artemis page/search extract,,Yes,2.1683673469387754,2.1683673469387754,Wind/Storm,2026
Lower Ferry Re Ltd. (Series 2026-1),Lower Ferry Re Ltd.,NJM Insurance,2026,Jun,Class A,US named storm,Indemnity,Per-occurrence,70.0,1.18,2.75,Final spread,https://www.artemis.bm/deal-directory/lower-ferry-re-ltd-series-2026-1/,Checked against Artemis page/search extract,,Yes,2.330508474576271,2.330508474576271,Wind/Storm,2026
Lower Ferry Re Ltd. (Series 2026-1),Lower Ferry Re Ltd.,NJM Insurance,2026,Jun,Class B,US named storm,Indemnity,Per-occurrence,55.0,1.49,3.0,Final spread,https://www.artemis.bm/deal-directory/lower-ferry-re-ltd-series-2026-1/,Checked against Artemis page/search extract,,Yes,2.0134228187919465,2.0134228187919465,Wind/Storm,2026
Lower Ferry Re Ltd. (Series 2026-1),Lower Ferry Re Ltd.,NJM Insurance,2026,Jun,Class C,US named storm,Indemnity,Per-occurrence,125.0,2.0,4.0,Final spread,https://www.artemis.bm/deal-directory/lower-ferry-re-ltd-series-2026-1/,Checked against Artemis page/search extract,,Yes,2.0,2.0,Wind/Storm,2026
Recoletos Re DAC (Series 2026-1),Recoletos Re DAC,Mapfre Re,2026,May,Class A,US named storm (excl. Florida),Indemnity,Occurrence,200.0,1.836,4.25,Updated guidance / low end,https://www.artemis.bm/deal-directory/recoletos-re-dac-series-2026-1/,Checked against Artemis page/search extract,,Yes,2.314814814814815,2.314814814814815,Wind/Storm,2026
Residential Reinsurance 2026 Limited (Series 2026-1),Residential Reinsurance 2026 Limited,USAA,2026,May,Class 14,U.S. multi-peril / Florida named storm,Indemnity,Annual aggregate,150.0,6.1,6.5,Final spread for Class 14; initial guidance midpoint for others,https://www.artemis.bm/deal-directory/residential-reinsurance-2026-limited-series-2026-1/,Checked against Artemis page/search extract,Spread basis varies by tranche; see spread_basis.,Yes,1.0655737704918034,1.0655737704918034,Multi-peril,2026
Residential Reinsurance 2026 Limited (Series 2026-1),Residential Reinsurance 2026 Limited,USAA,2026,May,Class 15,U.S. multi-peril / Florida named storm,Indemnity,Annual aggregate,150.0,2.71,5.125,Final spread for Class 14; initial guidance midpoint for others,https://www.artemis.bm/deal-directory/residential-reinsurance-2026-limited-series-2026-1/,Checked against Artemis page/search extract,Spread basis varies by tranche; see spread_basis.,Yes,1.8911439114391144,1.8911439114391144,Multi-peril,2026
Residential Reinsurance 2026 Limited (Series 2026-1),Residential Reinsurance 2026 Limited,USAA,2026,May,Class A,U.S. multi-peril / Florida named storm,Indemnity,Florida occurrence,500.0,2.51,7.375,Final spread for Class 14; initial guidance midpoint for others,https://www.artemis.bm/deal-directory/residential-reinsurance-2026-limited-series-2026-1/,Checked against Artemis page/search extract,Spread basis varies by tranche; see spread_basis.,Yes,2.9382470119521913,2.9382470119521913,Multi-peril,2026
Solomon Re Ltd. (Series 2026-1),Solomon Re Ltd.,Korean Re,2026,May,Class A,"US named storm, US earthquake, Israel earthquake",Indemnity,Occurrence,50.0,1.91,4.75,Final spread,https://www.artemis.bm/deal-directory/solomon-re-ltd-series-2026-1/,Checked against Artemis page/search extract,,Yes,2.486910994764398,2.486910994764398,Wind/Storm,2026
Solomon Re Ltd. (Series 2026-1),Solomon Re Ltd.,Korean Re,2026,May,Class B,US named storm and US earthquake,Indemnity,Occurrence,25.0,4.03,7.75,Final spread,https://www.artemis.bm/deal-directory/solomon-re-ltd-series-2026-1/,Checked against Artemis page/search extract,,Yes,1.923076923076923,1.923076923076923,Wind/Storm,2026
Sutter Re Ltd. (Series 2026-1),Sutter Re Ltd.,California Earthquake Authority,2026,Jun,Class C,California earthquake,Indemnity,Annual aggregate,325.0,2.3,3.5,Final spread,https://www.artemis.bm/deal-directory/sutter-re-ltd-series-2026-1/,Checked against Artemis page/search extract,,Yes,1.5217391304347827,1.5217391304347827,Earthquake,2026
Sutter Re Ltd. (Series 2026-1),Sutter Re Ltd.,California Earthquake Authority,2026,Jun,Class F,California earthquake,Indemnity,Annual aggregate,100.0,4.05,5.5,Final spread,https://www.artemis.bm/deal-directory/sutter-re-ltd-series-2026-1/,Checked against Artemis page/search extract,,Yes,1.3580246913580247,1.3580246913580247,Earthquake,2026
Torrey Pines Re Ltd. (Series 2026-1),Torrey Pines Re Ltd.,Palomar Specialty Insurance Company,2026,May,Class A,California earthquake,Indemnity,Occurrence,160.0,1.19,3.0,Final spread,https://www.artemis.bm/deal-directory/torrey-pines-re-ltd-series-2026-1/,Checked against Artemis page/search extract,,Yes,2.5210084033613445,2.5210084033613445,Earthquake,2026
Torrey Pines Re Ltd. (Series 2026-1),Torrey Pines Re Ltd.,Palomar Specialty Insurance Company,2026,May,Class B,California earthquake,Indemnity,Occurrence,100.0,2.04,3.75,Updated guidance / low end,https://www.artemis.bm/deal-directory/torrey-pines-re-ltd-series-2026-1/,Checked against Artemis page/search extract,,Yes,1.838235294117647,1.838235294117647,Earthquake,2026
Torrey Pines Re Ltd. (Series 2026-1),Torrey Pines Re Ltd.,Palomar Specialty Insurance Company,2026,May,Class C,California earthquake,Indemnity,Occurrence,100.0,4.03,6.125,Updated guidance midpoint,https://www.artemis.bm/deal-directory/torrey-pines-re-ltd-series-2026-1/,Checked against Artemis page/search extract,,Yes,1.5198511166253101,1.5198511166253101,Earthquake,2026
Torrey Pines Re Ltd. (Series 2026-1),Torrey Pines Re Ltd.,Palomar Specialty Insurance Company,2026,May,Class D,Hawaii named storm,Indemnity,Occurrence,50.0,0.96,2.875,Updated guidance midpoint,https://www.artemis.bm/deal-directory/torrey-pines-re-ltd-series-2026-1/,Checked against Artemis page/search extract,,Yes,2.994791666666667,2.994791666666667,Wind/Storm,2026
Winston Re Ltd. (Series 2026-1),Winston Re Ltd.,Tower Hill Insurance Exchange,2026,Apr,Class A,Florida named storm,Indemnity,Occurrence / third-event for C,150.0,1.29,4.75,Final spread,https://www.artemis.bm/deal-directory/winston-re-ltd-series-2026-1/,Checked against Artemis page/search extract,,Yes,3.682170542635659,3.682170542635659,Wind/Storm,2026
Winston Re Ltd. (Series 2026-1),Winston Re Ltd.,Tower Hill Insurance Exchange,2026,Apr,Class B,Florida named storm,Indemnity,Occurrence / third-event for C,150.0,1.59,5.25,Final spread,https://www.artemis.bm/deal-directory/winston-re-ltd-series-2026-1/,Checked against Artemis page/search extract,,Yes,3.30188679245283,3.30188679245283,Wind/Storm,2026
Winston Re Ltd. (Series 2026-1),Winston Re Ltd.,Tower Hill Insurance Exchange,2026,Apr,Class C,Florida named storm,Indemnity,Occurrence / third-event for C,75.0,0.49,6.0,Final spread,https://www.artemis.bm/deal-directory/winston-re-ltd-series-2026-1/,Checked against Artemis page/search extract,,Yes,12.244897959183673,12.244897959183673,Wind/Storm,2026
